branch_id,branch_name,manager_name
BRNJITQ446NVY1P,Davidberg Branch,Sergio Parker
BRNVXROZ3RRD54H,Sanderschester Branch,James Wilson
BRN6IUCH832B5CG,West Aprilchester Branch,Benjamin Smith
BRNQKSE7WVBUGTJ,Amyborough Branch,Kimberly Soto
BRNZDKYMIYBCVIN,Deborahbury Branch,Katie Martinez
BRNN4K27L0UC4ER,Markfurt Branch,Gregory Bond
BRN8ZQ15HQ0K01B,Halemouth Branch,Nathan Bell
BRNH99UE75DQ5EH,North Georgeville Branch,Rita Smith
BRNH6M953T62YXX,Port Alexandria Branch,Ryan Benson
BRN88K8L50OCCHR,Pattersonfort Branch,Nancy Wells
BRNIWBVTCJZTEM6,Port Zoeland Branch,Joseph Boyer
BRN4OCUNQ20UNUX,Port Joelview Branch,Deborah Hernandez
BRNTVVGWOGVVVAC,Banksmouth Branch,Miranda Smith
BRNOV7WHWWR4ITC,Moralesside Branch,Sara Bell
BRN13M4ZIVT074V,New Cory Branch,Amanda Allen
BRNB5D8ROD9LDQ8,Port Peter Branch,William Campbell
BRNP1H9MOLUQGH6,East Bradleyfort Branch,Terry Williams
BRNXZ89IKPKI2GS,Ramosside Branch,Michelle Eaton
BRN69ENZZPGT9YS,Schultzville Branch,Andrew Ramirez
BRN8QGY2E4LKE71,Berrystad Branch,Joshua Jones
BRNUXJZ2P2IW7S6,Camachoborough Branch,Dana Miller
BRNV8HANVO1LN7M,Michaelburgh Branch,Michele Lee
BRN2DUYII1MJ7LD,East Ricardofurt Branch,Kelly Burton
BRNGJKRNHRIIK3O,Cunninghamport Branch,Frank Jordan
BRNV4PUY8KXERLG,Cunninghamton Branch,Brittany Henson
BRN0UD4BY1DU35Z,East Michaelburgh Branch,Ricky Mcdonald Jr.
BRNJ5S4JAFSMYU3,West Tina Branch,Christina Nelson
BRNP6DT1YNQW3M3,Gilbertchester Branch,Amy Webster
BRN9NK0O17AEVS9,Smithside Branch,Jeffrey Patrick
BRN4OFDKBYK7BWQ,Weeksmouth Branch,Philip Bishop
BRNQXXPYA6YYR0V,Mooreport Branch,Linda Mcdonald
BRNK2K7GB5AEJ1M,Jenniferport Branch,Donald Reed
BRNWCGKTGWTA7OZ,Diamondtown Branch,Andrew Hood
BRNBFQF6CGEJU2O,Lake Jonathan Branch,Samuel Porter
BRNH1S6OKUTAFOJ,Lisafurt Branch,Jacob Johnson
BRN1QGXFL115HR3,Morafurt Branch,Crystal Singleton
BRNO3D2PU3RRY6N,North Kristen Branch,Kyle Williams
BRNYUF7BSN3NZS1,Andreaton Branch,Daniel Mckee
BRN4Y047F0OIIYB,Hillmouth Branch,Jeff Jordan
BRNO0N7R2CZT89T,Davisshire Branch,Travis Robinson
BRNRKO7KTH28T2F,New Meganland Branch,Julie Adams
BRNXPFELDYTSSJ5,North Brendanville Branch,Lauren Manning
BRNIVQNEK3ZN74L,Lopezshire Branch,Stephanie Contreras
BRN96CEWI1U7P26,South Christinamouth Branch,Robert Lane
BRNSZ1M23UBDCFQ,West Pamelamouth Branch,Robert Watson
BRN1IGHKU1RH7KR,Marksville Branch,Sandra Vaughan
BRN12RCNP7YTUYC,South Nathanfurt Branch,Kathryn Baker
BRNDV9XVYRPX5S2,New Ruben Branch,Shane Ford
BRN9K213HJMWYVV,South Jennifer Branch,Heather Kennedy
BRN42ENA4K77K7T,New David Branch,Eric Johnson
BRNG5FKOVI0YMFA,Stewartberg Branch,Andrew Sloan
BRNZXAO93FDB4LO,Harrisside Branch,Dominique Curtis
BRN8VEWQ8GNROSD,Brandonton Branch,Troy Smith
BRNP02TYUMRD8LO,Simmonsville Branch,Mark Walsh
BRNUAL483MOXMKY,Ashleyberg Branch,Kristen Sosa
BRNEHV7HY5QG3O6,Erintown Branch,Rebecca Herrera
BRNA966A2NJ2TOL,Scottshire Branch,Mrs. Linda Kim
BRNLO6O1POA2QCJ,Lewisfurt Branch,Lisa Mckenzie
BRNFRVAWKOC68LW,Lake Loristad Branch,Laura Gaines
BRNU1BAGSOX4W9B,East James Branch,Jillian Maxwell
BRNWTOR06DOXLA6,North Michaelville Branch,Joe King
BRNJCAMPWDUD8FG,Bradshawfurt Branch,Sean Adams
BRNQTUO9WOGPMML,South Crystalville Branch,Robert Allen
BRN6HIGKYICHR92,South David Branch,Cody Hunt
BRNHFRCARTUC3YW,Cassandraborough Branch,Ann Weaver
BRNPP7QJ3WWSW7Y,Lake Jennifer Branch,Cindy Morris
BRN9085QZ74SZZM,Sotohaven Branch,Mr. Robert Arnold Jr.
BRNG2PAUFIPOHG6,South Daniel Branch,Lauren Morton
BRNBFL8P8FB0KMN,South Holly Branch,Nathan Holt
BRNVKYLXRMMOPPU,Angelaport Branch,Steven Butler
BRNQDYIHYSM4WHT,South Robinfurt Branch,Jeremiah Colon
BRNASVGAWTT070O,West Brandon Branch,Amy Ingram
BRNU33URXV7B1TA,East Danielville Branch,Aaron Petersen
BRNHOTYZWI1TQRG,Lake Richard Branch,Ronald Martinez
BRN21O79MJLV4S6,West Travisport Branch,Drew Stone
BRNC2NLO1THLKF6,New Kimberlymouth Branch,Charles Hopkins
BRN0XY63QI1HIRO,Port Megan Branch,Brian Richards
BRNTIBMPO8OGM8C,Caseview Branch,Sarah Wagner
BRNAU75YBMFL8M1,North Diamondberg Branch,Kristy Hernandez
BRNMBZ8MFIXKAE7,West Billy Branch,Joseph Barron
BRNOGMKQ8RL01LK,Taylorshire Branch,Courtney Hood
BRN3PLB27GNL60P,North Brianhaven Branch,Scott Watkins
BRNNKWIVMBLNYLP,Johnsonton Branch,Brian Lewis
BRNJTFNA2LBD2II,Port Adam Branch,Amanda Jackson
BRNG5R98PD4T7R0,Dwayneton Branch,James Stark
BRNURO3PKX7FZI3,South Julie Branch,Kimberly Newton
BRNDIXHENN1ETBZ,New Heather Branch,Mary Andrews
BRNLS06FE1WWTE5,South Johnchester Branch,Emily Murphy
BRN2YIETMIV7WJK,West Scott Branch,Daniel Mora
BRN7TI4QRLY06EO,Hutchinsonmouth Branch,Yesenia Richard
BRN7VTOTI80MBGO,East Kimberlystad Branch,Dana Wyatt
BRNYF85QDI7DZUJ,North Amber Branch,Richard Allen
BRN1XK89RDAILZ4,South Lisa Branch,Fernando Choi
BRNIH40TOEU9PFZ,East Charles Branch,Victoria Watson
BRN8WG2ZRLCR6G8,Jenniferhaven Branch,Gregory Wade
BRNN6LMTLKBPSU9,Shepardfort Branch,Laura Conway
BRNJFWO3SFBODSF,Huntstad Branch,Jennifer Brown
BRNPCO4WKOI4F3Q,West Samuel Branch,Brianna Porter
BRNBSC1VU2TRHN0,Newmanport Branch,Luis Jackson MD
BRN26JE9YCA73OL,Hansenburgh Branch,Haley Vega
BRNM91HVIU82DJN,South Rachelchester Branch,Glenda Johnson
BRNRG3L0DD4F5O9,South Markberg Branch,Samantha Mills
BRNOPGYQRT7QBDM,West Monica Branch,Charles Pierce
BRNJ17F3QYF193Z,Kristinbury Branch,Donald Mahoney
BRNK3JLRIZV1SFU,Samanthachester Branch,Christina Carpenter
BRNBWOF0KMKZ53E,Lake Jason Branch,Amanda Johnson
BRNY11D22GDADQC,Davishaven Branch,Mr. Trevor Perez
BRNSLMJIEYF0OII,Nicholastown Branch,Kenneth Cervantes
BRNITWM9ZGHNYEX,Johnton Branch,Ashley Decker
BRNO63LBP250099,Albertmouth Branch,Mrs. Kristen Sanchez
BRN3LXGSHXLY3KG,Samuelbury Branch,Larry Howe
BRNJEPAD3VV7DO0,Andersonhaven Branch,Jeffrey Stephens
BRNK371HAGCNKZ8,North Edwardside Branch,Leslie Rhodes
BRNUYXBOJWU2943,South Amyborough Branch,Amy Leonard
BRNMAZQ4N5G5FRZ,Douglasburgh Branch,John Long
BRNQGUV9FR0K11M,Baileyport Branch,Vincent Jacobs
BRNBCHU7X7G9OQF,Reynoldstown Branch,Michael Smith
BRNHJ81G7TV1EW8,North Jerry Branch,Scott Santos
BRNFWSBYC6LC6QD,Lake Bradley Branch,Mary Moody
BRN8YRS5SI8A83D,Christianhaven Branch,Kimberly Hayes
BRNZOY0SYV6Z48P,Patrickmouth Branch,Ricky Duncan
BRN4PTPB1IIWEME,Lake Logan Branch,Brianna Wright
BRNDOT2XST54FNZ,Kimberlyhaven Branch,Brandi Wood
BRNCPVLGEOR2NTQ,Michelletown Branch,Charles Mccullough
BRNGWVI7PT7NPO3,New Bradleyfort Branch,Jay Adams
BRN8AS6T2XE67TN,Lake Ianfort Branch,Patrick Rodriguez
BRNNLG1JCSNADRT,Thompsonchester Branch,Amy Jones
BRNOA3JIX2XKBHG,Joneschester Branch,Charles Morris
BRNEIV3EE1BRA5J,East John Branch,Justin Coleman
BRND5H2ZEWJHVP6,Williamstown Branch,Matthew Barrett
BRNX4YM457IWGCB,South Thomasberg Branch,Shaun Mckenzie
BRNHR9AQK16VVCN,Smithton Branch,James Jackson
BRNIQNGJK84WA3S,South Amy Branch,Crystal Bishop
BRNASGRCNWTAC5Y,Andersonland Branch,Christopher Dominguez
BRNM49JZ5EZ9LF9,Nicholshaven Branch,Andrea Hall
BRNE97WZUHMJD2R,Huffmanport Branch,Breanna Wright
BRN5O5FCISPTJ58,Port Patrickview Branch,Jamie Johnson
BRNKTTGJU392BV6,Amyfort Branch,Brittney Oliver
BRN8U1DZOTSVD2G,Oneillstad Branch,Joseph Lopez
BRN0RSZXRSMU8XB,Kathleenside Branch,Linda Smith
BRN4KC4JSSG8PF0,Garciamouth Branch,Ronald Sparks
BRNGBCOC2EIE46X,Kristyberg Branch,Jack Becker
BRNYFJ60A8CNJD0,Ritashire Branch,Gregory Walter
BRN7KYYR10WXD2A,Port Heidi Branch,Tami Boone
BRN47GWE27QNJRC,Lake Tonyaberg Branch,Sarah Petty
BRN02JRD04H27T7,East Susanville Branch,Billy Valentine
BRN4PCKN93OSASU,East Laura Branch,Ricky Jones
BRNHQV0JCAUPMH4,Stricklandfort Branch,Robert Garcia
BRNHHMVDJCJZ22V,Browntown Branch,Brenda Simpson
BRN9B2QQT0M8XSV,Perezville Branch,Diana Wu
BRNYO1EW5EG9LN8,South Holly Branch,Katie Jones
BRNKL6VJF05HL8Y,Lorifurt Branch,Anthony Adams
BRNBW2SWJ9A0UQ0,Michealberg Branch,Tim Cox
BRN0I5Q8XLN7IUL,Samanthabury Branch,Paul Becker
BRNOJP3RWWPUZEZ,Rogerburgh Branch,Derek Hatfield
BRN8FGL889Z1E18,West Douglas Branch,Justin Cook
BRNSNQAKUMXRHEQ,Melissafort Branch,Julia Pierce
BRNFRGYXRE6BTRN,Jenniferton Branch,Sandra Compton
BRN6736ASWG31VK,Port Melissastad Branch,Kevin Martin
BRNJVDV0T6EZGW1,North Melanie Branch,Taylor Young
BRNAO1YX3NC67BE,Lake Janetstad Branch,Michael Collier
BRNABZEXM0UC6N4,South Jennifermouth Branch,Elizabeth Cook
BRN5A7HZ69PODA8,South Raymond Branch,Joshua Weiss
BRNG5U9BMLVJOU1,Marshallton Branch,Taylor Wells
BRNNVD3F9DMQJS8,Anthonystad Branch,Debbie Mendoza
BRNC69SB3UOYLVV,Lisatown Branch,Cheryl Salazar
BRNJYC95WAXGKQ5,Port Deanland Branch,Susan Carey
BRNOKTNKEYIORJP,Bentleyport Branch,Rachel Parker
BRN6O7XRSLTMRDC,Port Donaldville Branch,John Wilson
BRN881H4FYTQ6RP,Jenkinsside Branch,Brent Owens
BRNUFBI2SJHQO5L,Lake Stephen Branch,Timothy Mcdonald
BRNBRFDLS1BNANZ,West Cody Branch,Dr. Jocelyn James MD
BRNIYCC49U2VR5R,Marvinton Branch,Nancy Carr
BRNCZ3L1N8IPNPJ,North Carrie Branch,Terry Bush
BRNVJFYXXJLG5KC,East Michelle Branch,Dennis Scott
BRNZUCRSAD77M58,South Stevenland Branch,Rebecca Adams
BRNBFKLCWJ4I5IT,Lewishaven Branch,Tim Ortiz
BRN5LHYG5DC9OBF,Port Angela Branch,Rebecca Thomas
BRNSDL0PO5R8L4G,Watsonfurt Branch,Barbara Andrews
BRNH8JH2VY1TVXD,Danielport Branch,Frank Hall
BRNGFPNU1DRKOKU,East Traciborough Branch,Carly Lynn
BRN8K2EZPU1XXX5,Townsendburgh Branch,Melissa Garza
BRNSB38L4EU1WP8,Summerschester Branch,Leslie Griffin
BRN6FROE27G0HQ8,Hamiltonville Branch,Luis Miller
BRN46D52YKMQTYP,Port Davidstad Branch,Reginald Smith
BRN96B15KUQF8GI,Thompsonburgh Branch,Jennifer Schneider
BRNYZHUI1AXM3AW,Danamouth Branch,Alexandra Pope
BRNDRRJTKX2WKTM,West Karen Branch,James Vasquez
BRN2GWZPTL4WB6Y,Port Amandaberg Branch,Michael Herrera
BRNJ69QD465JTAH,Perezborough Branch,Eric Lewis
BRNXXCD1TE0ALHI,Aguirreview Branch,Pamela Thomas
BRNCM8LT50G77TX,Katherinehaven Branch,Gary Miller
BRNSC9GX2J2EVQC,West Williamtown Branch,Aaron Kim
BRNKKGVKA5B1TQZ,Fritzfort Branch,Ms. Alexis Gonzales
BRNMJQ9K16L09JB,Benitezberg Branch,George Morris
BRNZBQXWR8TCJO9,Connorville Branch,Tammy Hahn
BRNXSG952KGYDJU,Lake Timothyville Branch,Cynthia Hawkins
BRNDE7QVZ63LWPL,Andersonbury Branch,Jaime Harper
BRNM30M9URRZKXG,Campbellstad Branch,Edward Miranda
BRNKL0C03G3DFSS,West David Branch,Dana Hines
BRN9CTPBSVBP994,South Richard Branch,Amy Schneider
BRNEBMNYNAE2U98,North Carmenchester Branch,Kathryn Jones
BRNJ1XRYGNOSBZ1,Ericmouth Branch,Rachel Jennings
BRN31SGHZ64TMNZ,West Jilliantown Branch,Logan Hill
BRN10RGSHRELNCZ,East Ashley Branch,Hunter Crawford
BRN4J42TQFDLMNC,North Staceyfurt Branch,Sarah Hicks
BRN19G9NXKMGAG7,Lake John Branch,Anthony Davidson
BRNCTL6ERP0YW8M,Allenchester Branch,Shirley Dillon
BRN80P68KL658JI,Hugheshaven Branch,Catherine Decker
BRNRYHXVYFPCKAV,Brayport Branch,Dennis Patel
BRNOZKXSBU5BK26,North Robert Branch,Anna Sullivan
BRN609HWRRVWOKO,North Jason Branch,Shane Banks
BRN6U93POR4GMIG,Port Laura Branch,James Adams
BRNB6H7RUM7NZMU,West Leonland Branch,Karen Wong
BRNXU3ISVBA9CXD,Davidsonview Branch,Tommy Cantu
BRNFLLYNTUKYPS0,Lake Albertburgh Branch,Randy Mills
BRN0HUXH8FE0X8E,Reynoldsstad Branch,Tina Hoffman
BRNLK55XLYY6JL8,Samanthaside Branch,Brandon Newton
BRNSF3P73ESW4Z0,Lake Charlesfurt Branch,Vincent Bolton
BRNEOGJ09XKCBDA,Lake Destiny Branch,Marcus Baker
BRNBJTUS69K0BXN,Williamberg Branch,Alexandra Shepard
BRN905ZZVGO5IHR,Lake Jessicamouth Branch,Kayla Young
BRNRVIHI0EONMXG,New Cristian Branch,Amanda Smith
BRNW9K7BYBCCJJ8,Lake Pamela Branch,Christina Lozano
BRNGFGA2ILY9K78,East Tammy Branch,Andrew Schmidt
BRNQ46ZK4LJD25W,Lake Ronnie Branch,Elizabeth Elliott
BRNZW7CABV9DPVA,Russellmouth Branch,Lori Zimmerman
BRNSOR9EO1M66PE,West Charles Branch,Sean Walker
BRNDD0XKUSX6CGZ,New Lori Branch,Lynn Adams
BRNKHG72527MM6K,Deborahside Branch,Danielle Poole
BRNN1XGJTXZYPKJ,Hickstown Branch,Michael Turner
BRNY9Y927TDZAMS,North Diana Branch,Kayla Bailey
BRN61JNHZXK0OYW,South Eduardo Branch,Kendra Carter
BRNU1IDRDAWZR6A,Elliottchester Branch,Joseph Curry
BRNCK7H3BW6UYSL,Keithchester Branch,Lindsay Villa
BRNA8UYRIEKR6JA,Mirandastad Branch,Kelly Chavez
BRN229IRZN176W4,New Kimberlystad Branch,Karen Tyler
BRN6S2WKTUL6GEW,North Jessicaview Branch,Erin White
BRNRTDD4MUT0TVC,Perezfort Branch,Christopher Richard
BRNBU8R91NQCTU1,New Erikside Branch,John Hayden
BRNZCVHV2ZUL3GY,Wisemouth Branch,Ryan Willis
BRNL37GA0BHO7TL,North Markchester Branch,Tina Harrell
BRN3ZUGBKV3KZ9W,Reesestad Branch,Dr. Lydia Ross
BRN1LCLSKHWTE1X,Mcphersonport Branch,Mr. Vincent Ritter
BRNZZCPR9SHOGG5,Luisside Branch,Lauren Jones
BRN84TPA3YL7YLO,Brandontown Branch,Michael Gutierrez
BRND96IUOZYS4TU,Breannafurt Branch,Jacqueline Baker
BRN7XQEMEOCVH1G,Garzaville Branch,Hannah Mcdowell
BRNS3UO8UTY2OB5,North Edwardmouth Branch,Nancy Atkinson
BRN41TJ0EH2Z1D1,South Sarah Branch,Jordan Walker
BRNYLBMTMT830ND,Garciastad Branch,Blake Kennedy
BRN8BGBFZCSRXFN,Lake Kendra Branch,Karen Davis
BRNS54F9TFN2447,North Katrina Branch,Julie Lewis
BRNGVR6KYGRIXUG,West Tracey Branch,Joseph Melton
BRNYSAW2BMK4DOF,Williamstad Branch,Susan Nguyen
BRN6SZJQ5ENIDWL,Smithville Branch,Jared Smith
BRNKGGWPGB83FXL,West Traciside Branch,Colin Phillips
BRN6546K1PCH1GV,East Tammy Branch,Courtney Fox
BRN2Y09AKDNAI99,South Kellychester Branch,Jeremy Sweeney
BRNKKJEPBDS84VY,New Jamesberg Branch,Christine Garcia
BRN3J0C1DKWCFLP,Daughertyfurt Branch,Johnny Moore
BRNJ1C9B4DYJ020,Joseside Branch,Jennifer Graham
BRNINI6O7XV5VU8,Morganborough Branch,Michele Randall
BRNDEPI84DOYZUN,North Williamfurt Branch,Jeffrey Powell
BRNLKHAXOP0A9SL,North Williamland Branch,Vincent Aguilar
BRNMCLOQQS775LJ,South Nicole Branch,Joseph Conner
BRNV5U6A0JBXETH,Parkstown Branch,Dustin King
BRNR0MDWNMURMBM,Hardybury Branch,Mary Murphy
BRN79VLEZ42JC2T,North Crystalfurt Branch,Amy Pierce
BRNQ9P61WJB32OB,New David Branch,Christopher Henry
BRNFN2E8MB0AB9J,New Joeburgh Branch,Jacqueline Reed
BRNW76HBL36G0CT,Port Michaelburgh Branch,Lauren Scott
BRNDMYDKLNJV9B6,New Donna Branch,Adam Jones
BRNLIUVKJU7PUMC,Lake Felicia Branch,Tamara Perry
BRN4XDHTDB22G21,Judyburgh Branch,Adam Burgess
BRN2ZYUMCTSNP2K,Townsendmouth Branch,Jennifer Price
BRNWY3WWRNVYW76,North Natalie Branch,Cynthia Khan
BRNS63G1V77M7N5,West Kiara Branch,Karen Randall
BRNOZFMA45CW7B1,Kennedychester Branch,Elizabeth Smith
BRNXN00TVXF9MLE,West Margaret Branch,Sarah Ruiz
BRNCF8M08OOMNX7,New Ruth Branch,Rebecca Hines
BRNZY8C71KMRN53,Woodsmouth Branch,Melissa Austin
BRN7LSP0LUY0QTU,Valdezfurt Branch,Susan Compton
BRN1JGXHAA758P5,South Kristopher Branch,Miranda Tran
BRN8G6SEB1Z7LO8,Schaeferbury Branch,Larry Zimmerman
BRNXWPBRFGEJFLB,Christopherview Branch,Amy Evans
BRNUPVXD3XPYI1I,Lewisport Branch,Wanda Rosales DDS
BRNK0KB9XOQNO2D,East Tracy Branch,Zachary Jones
BRN3TVX7Y53TFUT,West Vanessa Branch,Susan Farmer
BRNIFYD1Y9FB5W5,Lake Melissaland Branch,Luis Blankenship
BRN3D5L7O9J9PMY,North Sandra Branch,Ann Dodson
BRN6HE1IC2MDWQL,East Michael Branch,Cynthia West
BRNOMWOP737QUPO,Brandonmouth Branch,Vincent Haley
BRN2868Y4YEAAY3,East Steven Branch,Justin Scott
BRNIRGNMQMKF5B7,East Peggyview Branch,Michelle Benitez DDS
BRNV359RT3Y43XI,Port Davidton Branch,Derrick Hamilton
BRNF0GXB995YF5Q,Davisstad Branch,Ariana Torres
BRN0LFY989DUIUS,Port Gloria Branch,Christopher Woods
BRNFTSZ1631YXOY,Lake Elizabeth Branch,James Johnson
BRNKPMBMBC5QU1Y,Jennifermouth Branch,Heather English
BRNQKTXXWRVYY4E,Hendersonberg Branch,Phyllis Hill
BRNRPX5TWOMQEKF,East Christophermouth Branch,Lisa Sloan
BRNGSM28R7ZKZHV,Philipside Branch,David Patterson
BRN7U4IM3UJ5MJR,East Marcustown Branch,Ashley Ortiz
BRN54QGWO6JI9JW,Woodsville Branch,David Hernandez
BRNNCMSFE4F5JSA,Port Timberg Branch,William Arroyo
BRNOH21PQCKRRIX,Kaylastad Branch,John Martin
BRNVYDYC31BGEF7,South Dustin Branch,Shane Salas
BRN641DQWWHTM0Q,Kristenburgh Branch,Luis Jacobs
BRNE4BG9C7F5VYI,West William Branch,Richard Marshall
BRN2NK8NIPQCGUJ,Angelaside Branch,Daniel Flores
BRNYYMJ6U13PHF8,North Rebecca Branch,Justin Glass
BRNTP0WI3P4KSCA,Melissaland Branch,Scott Park
BRNRSLSXIN3V231,North Amy Branch,Samantha Wilkinson
BRNIOW6ZUCEZOQ8,Brownton Branch,Melissa Fuentes
BRN5J62FRUPOFMV,East Helen Branch,Tony Anderson
BRN7D4734VSOHB7,Ortegaport Branch,Jared Hamilton
BRN2CR77QHE1WLK,Matthewsbury Branch,Jennifer Gray
BRNGHKF3RN1QEPZ,South Amber Branch,Breanna Bautista
BRNMAX9RPZ7WGHA,Adkinsstad Branch,Philip Dougherty
BRNY3S99V8HBZLM,Zacharyview Branch,Kimberly Sparks
BRNP5QP0VM27VTR,West Emily Branch,Ariel Klein
BRNXDZU7PJ9MKCX,Ruthfurt Branch,Joseph Hansen
BRNE9T7LLQ6SOAG,East Gregoryside Branch,Kristin Bennett
BRN7SCLO2TUA29L,Martinezstad Branch,Steven Evans
BRNHRO1R9S6M5YS,Matthewchester Branch,Robert Richardson
BRNIK4RLC6KN90G,New Scott Branch,Robert Singleton
BRN3AGYPB0IM2B4,East Jason Branch,Jeffrey Mack
BRNLHOZ81Y28LT5,New Virginiaview Branch,Robert Ward
BRNK2NPVKY0C045,Armstrongfort Branch,Susan Webb
BRNNCAUAHEVLR22,Perkinsbury Branch,Hunter Jenkins
BRNQA2P8RDOS52H,South Ryan Branch,Kristen Hill
BRNT06X1RBDC7Y3,South Shirley Branch,Larry Hopkins
BRNUD15OC3TA114,Vegaton Branch,Mrs. Patricia Davis
BRNNWBE7PQLX0OQ,Riverashire Branch,Kenneth Evans
BRNMGQSCISB8ZGF,Hillmouth Branch,Frank Mcknight
BRNKC6HX7WRNBSD,Edwardchester Branch,Kerry Brady
BRNY641WVJA2FO6,East Tina Branch,Briana Tanner
BRNK0VB0S8NWCZX,New Justinshire Branch,Jennifer Walls
BRN24TQB68HZMD4,Johnsonfort Branch,Alyssa Hawkins
BRNAQYQZ0XAZ9TG,Hamiltonchester Branch,Melissa Salinas
BRN6CXYC65TLGMH,East Kristinaville Branch,Sarah Perez
BRN5MNSN9SYOI2E,South Jorge Branch,Courtney Jones
BRN2WTEXWJTH047,South Bailey Branch,Kristie Gray
BRNVX1JGDQCGFAV,Angelamouth Branch,Melanie Gates
BRNE38HXL6JSOBJ,Jenniferside Branch,Allison Bowen
BRN00WA9Y2A3W5Y,Port Amy Branch,Chad Brown
BRNWT0JVYGPFGHR,Port Timothyberg Branch,Amy Liu
BRNXRLEPQ12HDJS,North Michelleton Branch,Matthew Rios
BRNUT426ZBW4EGR,West Jillville Branch,Teresa Salas
BRNKCUQYUFCHCCH,Leslieville Branch,Michael Long
BRN66OOORCQZ1H6,New David Branch,Jason Compton
BRN73YOBBQPKDGX,East Carloschester Branch,Jennifer Davies
BRN97FGYRUMF3AG,Tiffanystad Branch,Zachary Larson
BRNNRKWQT5IELOQ,Port Paulaland Branch,Justin Anderson
BRNUJFZ5OEISY5M,Rileystad Branch,Jill Johnston
BRNM76255SV7SMS,Wilsonmouth Branch,Thomas Contreras
BRNO3DF4C33HTA4,Charlottemouth Branch,Dr. Taylor Christian
BRNV86RSB5KLANT,New Carlaburgh Branch,Christopher Wright
BRN591JD9LR0V5K,Lake Ian Branch,Troy Luna
BRN3ZE74D8LTLFA,Cantuborough Branch,Marissa Juarez
BRN0N4G10KICLLZ,North Julia Branch,Christopher Graham
BRNH67CC2VLJYPT,Williamton Branch,Eric Compton
BRN2E36M2BXRUYJ,Lake Michaelville Branch,Chelsea Hopkins
BRNMWA4DPDOX6IP,Rebeccastad Branch,Robin Marsh
BRNXG9OYG20G16I,East Thomas Branch,Kerry Murray
BRNA7EYY5E3SBXR,Salasburgh Branch,Albert Edwards
BRN9VLDU8JZQF8K,West Kimberlystad Branch,Rebecca Mclaughlin
BRN8DKB45ADSU6F,East Sarah Branch,Shirley Myers
BRN6TF4BAYGLYTR,West Robertbury Branch,Kimberly Nixon
BRNYQKRJBF7O25M,South Ashleystad Branch,Michael Hernandez
BRN260SR58AADB1,Williamsbury Branch,Heather Watson
BRNN1HPG4ZUJ83A,Port Deborahton Branch,Matthew Mills
BRNPIWEAMI595LG,North Timothytown Branch,Brian Fernandez
BRN1XK5KWTLQAUE,New Daniellefurt Branch,Max Welch
BRNKSWTQPEWKATL,West Andrea Branch,Laura Moran
BRNBR08JBOA5VVQ,Josefurt Branch,Erik Phillips
BRN32KDSDS9X0Q3,Catherinechester Branch,Angela Ellis
BRN6FGI12ST5N6J,Gregorychester Branch,Sherri Smith
BRNDASUVGLQ0XLX,Lake Ashley Branch,Heidi Fernandez
BRNOOK2CTU1LJGU,East Belinda Branch,Ronald Orozco
BRNU10N1U4KCKJJ,Cartermouth Branch,Mr. Christopher Travis
BRNGFSDD01GSQVA,South Melissamouth Branch,Andres Tran
BRNK98P3OB0704W,Lake Theresa Branch,Laurie Gibson
BRNULK4UWMLCWQ7,Jonestown Branch,David Trujillo
BRNFE72U9X86UGK,Andrewsfurt Branch,Jaime Cooper
BRNYECTZOJLFAWV,North Bridget Branch,Rebecca Morris
BRNRFSOR52BDCA5,Lake Angelborough Branch,Ryan Clark
BRNSTB6KDLYWBPQ,West John Branch,Randy Rivera
BRN9CD6WT5RQJNM,Herrerastad Branch,Amy Crosby
BRNVL1U3EGK2YDH,Carriebury Branch,Crystal Martinez
BRNXA4JK1H15F5I,Santanaton Branch,Ryan Solomon
BRN35JCELCF88N9,Donaldville Branch,Javier Robbins
BRNYI841NQSDIQB,Rollinsburgh Branch,Jason Peterson
BRNQC664HI7KOGB,Cookville Branch,Amber Cox
BRN9LU0AEFM1VLW,Tarahaven Branch,Kathryn Smith
BRNPO7UABRQZ0OR,North Davidfort Branch,Michael Johnston
BRNLMNCPO9S9247,Christopherberg Branch,Billy Bowers
BRNOFRFXFXX5MGA,Lindseyland Branch,Kelly Clark
BRNIYWRD5ZYB1VB,North Sean Branch,Diana Ray
BRNMYGP22H7F809,West Lauraside Branch,Dana Jimenez
BRNC6C0MFPYW2C4,Lake Ryanchester Branch,Michael Nicholson
BRNMNOLVSHZKQ0X,Port Jeffreyborough Branch,Madison Shepard
BRNMA92P5Z7QC21,North Anna Branch,Theresa Maldonado
BRN06XOATEFSEZZ,Josephshire Branch,Megan Mcdonald
BRNLHH39ZW3XMK1,South Paulhaven Branch,Eric Brown
BRNTXWR8P88JGGZ,Davistown Branch,Elizabeth Cox
BRNX2DTWRZKOGDJ,Carlosfurt Branch,Jonathan Morales
BRNB7A8AR2J7SCR,Davisland Branch,Dr. Diane Gordon
BRND0IQM9A5TCXW,West Matthew Branch,Donna George
BRNCA4XQDEAMGA6,South Lori Branch,Kyle Gross
BRNVSZEP3OZLYB5,Lake Sarahborough Branch,Lisa Parrish
BRNE1H1CTUXTVTT,Aliciabury Branch,Shane Stevenson
BRNZ69LAEFOZZR5,North Monicaland Branch,Linda Weiss
BRNSVXYDXFLPZC1,Byrdberg Branch,Bradley Gay
BRNCMFGSXTWBER1,West Misty Branch,Sean Estrada
BRNCRBGZFJ89GSG,West Carla Branch,Sarah Allen
BRN0IA6FNBH8ZV7,Lake Peggy Branch,Brittany Erickson
BRNERME5JEWGAKP,Bellfort Branch,Laura Cox
BRNNVH2ZK58WPB4,Velezfort Branch,Phillip Miranda
BRNYWE9OKKV5KAO,Huntfurt Branch,Sarah Hanson
BRN5C49H2HSYC2Z,Port Terri Branch,Marie Wallace
BRN7ES8YUNEMK5L,East Benjaminfurt Branch,Shawn Garcia
BRNFUEU7SGHATSB,East Michele Branch,Ronald Gallegos
BRNXE0LPV0PF3JD,Jasminemouth Branch,Sarah Bradley
BRNA6OG7PD07GIF,Lake Emilyville Branch,Tiffany Willis
BRNKANAO82YIW0T,Jacquelineside Branch,Margaret Hill
BRN40N01AGF6X4T,Perkinsborough Branch,Kaylee Mejia
BRNI8BZ50M3SSCI,West Jason Branch,Cynthia Campbell DDS
BRN07Q9G4NQSW2M,New Donald Branch,Janice Turner
BRNY74Z7IK13E7U,West Logan Branch,Yolanda Thomas
BRNUSFNCP09UZHJ,New Daniel Branch,Michael Chang
BRN7O04Y61KSFSU,North Kathy Branch,Joseph Carter
BRNU6L9HKRLQ6VV,Jeanettefurt Branch,Emma Scott
BRN3W4Q6NIDL8DR,South Jeffrey Branch,John Kelly
BRNSHHC8PX1QFP1,Jeremyport Branch,Jeffery Lynch
BRNSJ08ZRC1FBVH,Martinezfort Branch,Leslie Baker
BRNO79LT23PI3Q1,Anthonyfort Branch,Joanna Garcia MD
BRNMCFYAJUZ10I2,Reyesside Branch,Debra Wilson
BRNZ1WN7W02905G,Port Emily Branch,Eric Cook
BRNG1FPYASKGRL1,Summersstad Branch,Scott Morgan
BRNKA3WESBLUC1N,South Paul Branch,Isaiah Knight
BRNZX4C15O7200D,Monroeport Branch,Gary Perez
BRN2G41MJ1J3UQS,Port Kelly Branch,Charles Shepherd
BRNU5CE5NL0ND1T,Schneiderbury Branch,Brenda Kelley
BRN9CZII5M7TQO3,Chapmanport Branch,Erin Gomez
BRNYKGTBUWERYVV,Mollyfort Branch,Erika Schmidt
BRNG9U8QLWE39AK,New Jacobport Branch,James Nguyen
BRNCNOK6UQ4OJC3,Saratown Branch,Kenneth Keller
BRNN1EVAX7YPGUT,East Devonfurt Branch,Michael Suarez
BRN11FBZC6B2DIL,Lake Stacey Branch,Matthew Larsen
BRNUCYZVX5QIVJN,Wyattfort Branch,Tammy Robinson
BRNVRKMWQC4I6MV,West Roberthaven Branch,Lori Garcia
BRNCYGO85BFMAUD,Colinhaven Branch,Pamela Wilson
BRNO9SGPTIBE7S0,Matthewstad Branch,Jose Davila
BRN76V7NAGP3RNG,Clementsmouth Branch,Sean Tanner
BRN0UOII1YCMPSV,New Justinshire Branch,Stephanie Freeman
BRNI8QUUUIAE91F,Ginaton Branch,Daniel Cox DDS
BRN4BEVV72PTFS8,New Emilyton Branch,Amanda Griffith
BRNVU0TD5N38XIO,Johnsonmouth Branch,Jose Obrien
BRNRC6XNERIEJH7,Adkinsshire Branch,Christopher Turner
BRN81CIHAN3OZ3X,Davidchester Branch,William Barrett
BRN9ZMPG3PVJXRW,Clarkemouth Branch,Gregory Mccann
BRNHDJAXWHFMHR4,Smithborough Branch,Cathy Guzman
BRN6QIZYKEHOCK5,Kennedymouth Branch,Amber Adams
BRNLVWMH7SPTPIA,Castanedaview Branch,Robert Stanton
BRN5JP6SG59LN9I,East Timothystad Branch,Wesley Stevens
BRNBT5R4HEHG16L,Ryanberg Branch,Rachel Stevens
BRNAYPW6G22127E,Bryantside Branch,John Schmidt
BRN9K6QGLIJLA7K,East Danabury Branch,Daniel Bell
BRNOLQWR03GTCOS,Diazbury Branch,Karen Martin
BRN78LMMF72JEG1,North Mark Branch,Meghan Alexander
BRN4LQ4BZIEX3JA,Davenportton Branch,Theresa Irwin
BRNTR6DQR89WPI4,Larsonburgh Branch,Brian Johnston
BRNPHIOTHQ7KOVE,Wheelerborough Branch,Jessica Thompson
BRN3GG88XVHPQPV,New Charleston Branch,Robert Taylor
BRNFBLSZ9YX09AL,West Cassandra Branch,Ronald Silva
BRNMWMTVOCOOOA3,Bergfurt Branch,Gregory Melendez
BRN6A3XHX2TRI2G,Lake Danielle Branch,Anthony Potter
BRNFNTUC6WM7L5L,Hoopermouth Branch,Crystal Cooke
BRN60KXPJ0GULVE,Caseyfort Branch,Rachel Pitts
BRNB1M5L2USP7Y7,Smithfort Branch,Sean Frye
BRNHDPKP25LHO59,Lauraborough Branch,John Moyer
BRNRWS0L6CUNHB1,New Tracey Branch,Gabrielle Hogan
BRNBXXR8FQO4ABQ,Chelseamouth Branch,Theresa Duran
BRNNZ9EPWG3T5M4,Laurieland Branch,Vanessa Black
BRNO6QYI8H07JOU,Holmeschester Branch,Anita Sosa
BRNN7ZYTJ6QJZU0,South Benjamin Branch,Sharon Patel
BRN0NA6I86NI6Y3,New Christophermouth Branch,Sarah Morgan
BRNYEWTD5D2D88D,Doyleport Branch,Alyssa Martinez
BRN9EG4AY2SIF2D,West Shawnfurt Branch,Brian Davis
BRN5JPA7V6LJEA0,Clarencefort Branch,Elizabeth Roman
BRN977WL4J9GNYS,Kathleenborough Branch,Richard Stephenson MD
BRNVK454J14JY0C,Estradamouth Branch,Beth Parsons
BRNDNEC3H5KYTCH,West Craigstad Branch,Joseph Brown
BRNYFWKIXID657C,East Timburgh Branch,Christopher Greene
BRN5YVM29OQAG83,Peggymouth Branch,Derek Cole
BRNXCCLTLZ9JVMC,Nicolehaven Branch,David Simmons
BRN9Z703TJGNI88,Larsonside Branch,Danielle Greene
BRNYGQ88DL2OP9W,Brandibury Branch,Lisa Keith
